text1,text2,label,similarity_score
"The quick brown fox jumps over the lazy dog","A fast brown fox leaps over the idle dog",1,0.85
"Machine learning is a subset of artificial intelligence","Deep learning is a branch of machine learning and AI",1,0.72
"Climate change is causing global temperatures to rise significantly","Global warming due to climate change is increasing temperatures worldwide",1,0.88
"The mitochondria is the powerhouse of the cell","Mitochondria serve as the energy-producing organelles in cells",1,0.80
"Water boils at 100 degrees Celsius at sea level","At standard atmospheric pressure, water reaches its boiling point at 100°C",1,0.82
"Shakespeare wrote Romeo and Juliet in the late 16th century","Romeo and Juliet was authored by William Shakespeare around 1594-1596",1,0.78
"Neural networks are inspired by the structure of the human brain","Artificial neural networks mimic the biological neural structure of human brains",1,0.85
"The economy grew by 3.5 percent last quarter","Economic growth reached 3.5% in the previous quarter",1,0.90
"Photosynthesis converts sunlight into chemical energy in plants","Plants use photosynthesis to transform solar energy into chemical compounds",1,0.83
"The Eiffel Tower is located in Paris France","Paris France is home to the famous Eiffel Tower landmark",1,0.87
"Albert Einstein developed the theory of relativity","The theory of relativity was formulated by Albert Einstein",1,0.92
"Python is a high-level programming language known for its simplicity","Python programming language is valued for its readable and simple syntax",1,0.80
"The human genome contains approximately 3 billion base pairs","About 3 billion base pairs make up the complete human genome",1,0.88
"Gravity pulls objects toward the center of the Earth","Objects are attracted toward Earth's center due to gravitational force",1,0.82
"The Amazon River is the largest river by discharge volume","By volume of water discharged, the Amazon River surpasses all other rivers",1,0.79
"Vaccination helps the immune system recognize and fight diseases","Vaccines train the immune system to identify and combat pathogens",1,0.81
"The speed of light in vacuum is approximately 300000 kilometers per second","Light travels through vacuum at nearly 300000 km per second",1,0.91
"DNA carries the genetic information of living organisms","The genetic code of living things is stored in DNA molecules",1,0.84
"Supply and demand determines the price of goods in markets","Market prices are determined by the forces of supply and demand",1,0.89
"The Renaissance was a cultural movement that began in Italy","Italy was the birthplace of the Renaissance cultural and artistic movement",1,0.86
"Blockchain technology provides a decentralized and secure transaction ledger","A decentralized secure ledger for transactions is the foundation of blockchain technology",1,0.83
"Antibiotics are used to treat bacterial infections","Bacterial infections are commonly treated with antibiotic medications",1,0.88
"The solar system consists of the Sun and eight planets","Eight planets along with the Sun make up our solar system",1,0.90
"Exercise improves cardiovascular health and mental wellbeing","Regular physical activity benefits both heart health and mental wellness",1,0.79
"The Internet has transformed global communication and commerce","Global communication and trade have been revolutionized by the Internet",1,0.85
"Quantum computing uses quantum mechanical phenomena for computation","Computation based on quantum mechanical principles defines quantum computing",1,0.82
"The ozone layer protects Earth from harmful ultraviolet radiation","Harmful UV radiation from the sun is blocked by Earth's ozone layer",1,0.84
"Inflation reduces the purchasing power of money over time","Over time, inflation erodes the buying power of currency",1,0.87
"Neurons communicate through electrical and chemical signals","Chemical and electrical signals are used by neurons for communication",1,0.89
"The French Revolution began in 1789 with the storming of the Bastille","In 1789, the storming of the Bastille marked the start of the French Revolution",1,0.91
"Artificial intelligence is transforming industries across the globe","Industries worldwide are being transformed by advances in artificial intelligence",1,0.86
"The moon orbits the Earth approximately every 27 days","Earth's moon completes one orbit roughly every 27 days",1,0.93
"Deforestation contributes to habitat loss and biodiversity decline","Loss of forests leads to destruction of habitats and declining biodiversity",1,0.80
"The periodic table organizes elements by atomic number","Elements are arranged in the periodic table according to their atomic numbers",1,0.88
"Sleep is essential for cognitive function and physical recovery","Both mental performance and physical restoration depend on adequate sleep",1,0.77
"Renewable energy sources include solar wind and hydroelectric power","Solar wind and hydroelectric energy are all forms of renewable power",1,0.85
"The central nervous system consists of the brain and spinal cord","The brain and spinal cord form the central nervous system of vertebrates",1,0.90
"Plate tectonics explains the movement of Earth's continental plates","The theory of plate tectonics describes how Earth's continental plates move",1,0.88
"Natural language processing enables computers to understand human language","NLP allows machines to interpret and process human language effectively",1,0.81
"The stock market reflects investor sentiment and economic conditions","Economic conditions and investor confidence are mirrored in stock market performance",1,0.79
"Cryptography secures digital communication through mathematical algorithms","Digital communications are secured by cryptographic mathematical techniques",1,0.82
"The greenhouse effect causes global temperatures to increase","Rising global temperatures are a result of the greenhouse effect",1,0.87
"Democracy is a system of government where citizens elect their representatives","In a democratic system of government citizens choose their leaders through elections",1,0.84
"Proteins are essential macromolecules that perform various cellular functions","Various cellular functions depend on proteins which are critical macromolecules",1,0.86
"The first computer was invented in the mid-twentieth century","Mid-twentieth century saw the invention of the first modern computers",1,0.83
"Economic inequality has been increasing in many developed countries","In developed nations growing economic inequality has become a significant issue",1,0.80
"Meditation reduces stress and promotes psychological wellbeing","Psychological health and stress reduction can be achieved through regular meditation",1,0.81
"The Big Bang theory describes the origin of the universe","According to the Big Bang theory the universe originated from a singular explosive event",1,0.78
"Fossil fuels are non-renewable energy sources that cause pollution","Non-renewable fossil fuels are major contributors to environmental pollution",1,0.84
"The immune system defends the body against pathogens and disease","Pathogens and diseases are fought off by the body's immune system",1,0.89
"Social media has changed how people interact and share information","The way people communicate and share content has been transformed by social media",1,0.82
"Machine translation uses algorithms to convert text between languages","Converting text from one language to another is automated by machine translation algorithms",1,0.80
"The hippocampus plays a key role in memory formation","Memory formation in the brain is primarily associated with hippocampus activity",1,0.85
"Electric vehicles produce zero direct emissions during operation","During operation electric vehicles emit no direct pollutants or greenhouse gases",1,0.83
"The World Wide Web was invented by Tim Berners-Lee in 1989","Tim Berners-Lee created the World Wide Web in 1989 at CERN",1,0.87
"Nanotechnology involves manipulation of matter at the atomic scale","Atomic and molecular scale manipulation of matter is the basis of nanotechnology",1,0.82
"The human body contains approximately 37 trillion cells","About 37 trillion cells make up the entire human body",1,0.91
"Dark matter makes up approximately 27 percent of the universe","About 27% of the total mass-energy content of the universe consists of dark matter",1,0.79
"Insulin regulates blood glucose levels in the human body","Blood sugar levels in the human body are controlled by the hormone insulin",1,0.86
"The Amazon rainforest produces about 20 percent of Earth's oxygen","About 20% of the world's oxygen is generated by the Amazon rainforest",1,0.88
"Quantum entanglement allows particles to be correlated regardless of distance","Regardless of the distance between them entangled particles remain correlated",1,0.83
"The cats sat on the mat looking out the window","Dogs ran across the field chasing after the ball",0,0.05
"Python is a programming language used for data science","The history of ancient Rome spans several centuries of empire",0,0.02
"Climate change threatens marine ecosystems globally","The latest smartphone has a powerful new processor chip",0,0.01
"Machine learning algorithms process large datasets efficiently","The recipe requires flour eggs and butter for the cake",0,0.03
"The brain processes visual information in the occipital lobe","Stock prices fell sharply after the central bank announcement",0,0.02
"Solar panels convert sunlight directly into electricity","The football team won the championship after a long season",0,0.01
"Gravity is a fundamental force of nature","The restaurant serves Italian food with fresh ingredients",0,0.03
"The government passed new legislation on healthcare reform","Butterflies undergo a complete metamorphosis from caterpillar to adult",0,0.02
"Computer vision enables machines to interpret visual data","The ancient Egyptians built the pyramids over several decades",0,0.01
"Antibiotics should not be used to treat viral infections","The concert was held at a large outdoor venue last summer",0,0.02
"Natural language processing is a field of artificial intelligence","The new bridge design uses innovative engineering solutions",0,0.03
"The ozone hole is most pronounced over Antarctica","Classical music concerts attract diverse audiences across age groups",0,0.01
"The Renaissance produced great works of art and literature","Stock trading volumes were unusually high in the morning session",0,0.02
"Water is a polar molecule with unique properties","The marathon runner completed the race in under three hours",0,0.01
"DNA replication occurs during cell division","The medieval castle was built to defend against invaders",0,0.02
"Inflation targets are set by central banks","The library has an extensive collection of rare manuscripts",0,0.01
"Vaccines contain antigens that stimulate immune responses","The chef prepared a five-course dinner for the guests",0,0.03
"The Pacific Ocean is the largest ocean on Earth","Poetry often uses metaphors and symbolism to convey meaning",0,0.01
"Electric fields surround charged particles in space","The theater company performed Shakespeare in the park",0,0.02
"Ecosystems maintain balance through predator-prey relationships","The smartphone battery lasts approximately twelve hours on a full charge",0,0.01
"The theory of evolution was proposed by Charles Darwin","The bakery opens at six in the morning every day",0,0.02
"Machine learning models require large amounts of training data","The garden was filled with colorful flowers in spring",0,0.01
"Blockchain ensures data integrity through cryptographic hashing","The university library added new books to its collection",0,0.03
"The Pythagorean theorem applies to right-angled triangles","The ocean liner set sail on its maiden voyage",0,0.02
"Neurons fire electrochemical signals across synaptic junctions","The hiking trail passes through dense forest and meadows",0,0.01
"The human genome project was completed in 2003","The music festival attracted thousands of fans each day",0,0.02
"Quantum mechanics describes the behavior of subatomic particles","The sculpture was carved from a single block of marble",0,0.01
"Photosynthesis occurs in the chloroplasts of plant cells","The diplomat negotiated a peace treaty between the nations",0,0.02
"Social networks enable global communication and collaboration","The volcano erupted after years of dormancy",0,0.01
"Climate models predict increasing frequency of extreme weather events","The dancer performed a graceful ballet at the theater",0,0.02
"The universe is estimated to be 13.8 billion years old","Fresh pasta is made with flour eggs and olive oil",0,0.01
"Neural plasticity allows the brain to form new connections","The architect designed a sustainable green building downtown",0,0.02
"Cybersecurity protects computer systems from unauthorized access","The puppy learned new tricks after several training sessions",0,0.01
"The Amazon rainforest is often called the lungs of the Earth","The cyclist completed the mountain stage in record time",0,0.02
"Viruses are not considered living organisms by most biologists","The fashion designer unveiled a new collection at the show",0,0.01
"Machine learning models can overfit when trained on small datasets","The archaeologist discovered ancient pottery at the dig site",0,0.02
"The speed of sound varies with temperature and medium","The painter created a vibrant mural on the city wall",0,0.01
"Plate boundaries are zones of intense geological activity","The author published a new novel to critical acclaim",0,0.02
"Stem cells have the potential to differentiate into various cell types","The jazz band played to a full house at the club",0,0.01
"Biodiversity loss threatens ecosystem stability and resilience","The detective solved the mystery after finding hidden evidence",0,0.02
"Nuclear fusion could provide clean and virtually limitless energy","The tailor altered the suit to fit perfectly",0,0.01
"The Gulf Stream influences the climate of Western Europe","The student submitted the assignment before the deadline",0,0.02
"Epigenetics studies heritable changes that do not alter DNA sequence","The pilot landed the aircraft safely during the storm",0,0.01
"Computer algorithms solve problems through step-by-step instructions","The gardener planted tomatoes and herbs in the raised bed",0,0.02
"The placebo effect demonstrates the power of belief on health outcomes","The musician composed a symphony inspired by nature",0,0.01
"Big data analytics extracts insights from massive datasets","The carpenter built a wooden cabinet with intricate joinery",0,0.02
"The law of conservation of energy states energy cannot be created or destroyed","The photographer captured stunning images of the northern lights",0,0.01
"Genetic engineering allows modification of an organism's DNA","The swimmer broke the world record at the championships",0,0.02
"The prefrontal cortex is involved in decision-making and planning","The chef won a prestigious award for culinary excellence",0,0.01
"Tectonic plates move due to convection currents in the mantle","The journalist reported live from the site of the disaster",0,0.02
"Organic compounds contain carbon atoms bonded to other elements","The rocket launched successfully and reached orbit as planned",0,0.01
